﻿<?xml version="1.0" encoding="utf-8"?>
<feed xmlns="http://www.w3.org/2005/Atom">
	<id>http://reactiveui.net/</id>
	<title>ReactiveUI</title>
	<link rel="self" href="http://reactiveui.net/" />
	<rights>2020</rights>
	<updated>2020-07-16T12:53:36Z</updated>
	<entry>
		<id>http://reactiveui.net/blog/2020/07/article-on-reactive-programing</id>
		<title>On Reactive Programming</title>
		<author>
			<name>Rich Bryant</name>
		</author>
		<link href="http://reactiveui.net/blog/2020/07/article-on-reactive-programing" />
		<updated>2020-07-10T00:00:00Z</updated>
		<content>&lt;img src="https://img.favpng.com/22/20/20/question-mark-information-clip-art-png-favpng-xUsis3eLNHY4KHfJcLDsF87rq.jpg" align="right" style="height: 8em"/&gt;
&lt;h1 id="on-reactive-programming"&gt;On Reactive Programming&lt;/h1&gt;
&lt;h2 id="why-are-we-even-here"&gt;Why are we even here?&lt;/h2&gt;
&lt;p&gt;Well, some say the Creator took a handful of sand and - wait, no.  Why are we &lt;em&gt;here&lt;/em&gt;? Why ReactiveUI?&lt;/p&gt;
&lt;p&gt;Tough question.&lt;/p&gt;
&lt;p&gt;There are many MVVM frameworks although not as many as there used to be, but one thing that always seems to happen if you ask on &lt;a href="http://www.stackoverflow.com/"&gt;Stack Overflow&lt;/a&gt; is you'll get all kinds of advice and one bit in particular which stuck with me.  It was this -&lt;/p&gt;
&lt;blockquote class="blockquote"&gt;
&lt;p&gt;&amp;quot;Prism is great but heavyweight, MVVMLite is great but shallow, Caliburn is pretty cool but has some odd dialect features, ReactiveUI is incredibly powerful but you'll need to learn a whole new way of thinking about everything, so basically use Prism.&amp;quot;&lt;/p&gt;
&lt;/blockquote&gt;
&lt;p&gt;And it's nonsense.  But most people just accept it.  Who needs the overhead of learning a new way to think when you've got work to do and real problems to solve?  That's how I felt about it.  For years. And then...&lt;/p&gt;
&lt;p&gt;And then I took a job working on automating production lines.  If you've ever done this, it's fascinating stuff.  A very specialized feed box collects data over time from the machinery, that gets aggregated by a huge, unwieldy and horrible piece of 3rd party proprietary software called KepWare and then you have to write clients to display and control via the output from that.  In whatever.  Usually desktop Windows because no way do you want this lot open to the usual array of pranksters on the Internet.&lt;/p&gt;
&lt;p&gt;And we had a problem. There was a specialist piece that somebody before me had written for a company that made glue - seriously, glue, big business - and it ran fine.  Except that every two or three weeks, it crashed to desktop.  This is bad.  Lose data on a production line and anything can and does happen.&lt;/p&gt;
&lt;p&gt;I was pretty convinced that somewhere in the codebase, a C# Event was being added and never removed.  You know how easy that is.  And it occurred to me, and this is important, that &lt;em&gt;events suck&lt;/em&gt;.  Furthermore, they're not events.  An event is a thing that happens, once.  We weren't dealing with an event.  We were dealing the shape of the data changing over time.&lt;/p&gt;
&lt;p&gt;Here's a dummy event.&lt;/p&gt;
&lt;pre&gt;&lt;code class="language-csharp"&gt;public class GlueMachineMonitor
    {
        public event EventHandler&amp;lt;StickyEventArgs&amp;gt; BungedUp;

        public void Run()
        {
            var eventHandling = BungedUp;
            eventHandling?.Invoke(this, new StickyEventArgs());
        }
    }

    public class GlueMachineIssueTracker : IDisposable
    {
        private readonly GlueMachineMonitor _monitor;

        public GlueMachineIssueTracker(GlueMachineMonitor monitor)
        {
            _monitor = monitor;
            _monitor.BungedUp += ItGotGummedUp;
        }

        private void ItGotGummedUp(object sender, StickyEventArgs e)
        {
            Console.WriteLine(&amp;quot;get the bloody solvent out, lads&amp;quot;);
        }

        public void Dispose()
        {
            _monitor.BungedUp -= ItGotGummedUp;
        }
    }
&lt;/code&gt;&lt;/pre&gt;
&lt;p&gt;I went away and I thought about this.  I dreamed about it.  I woke up in the morning still trying to think in 4 dimensions and then I discovered that back in 2010, Erik Meijer and Bart de Smet had already modeled it.  And they called it &lt;a href="http://www.reactivex.io"&gt;Reactive Extensions&lt;/a&gt;.&lt;/p&gt;
&lt;p&gt;So I went through the codebase, and I ripped out every last event.  Like this -&lt;/p&gt;
&lt;pre&gt;&lt;code class="language-csharp"&gt;public class BetterGlueMachineMonitor
    {
        private readonly Subject&amp;lt;StickyEventArgs&amp;gt; _blockageStatus = new Subject&amp;lt;StickyEventArgs&amp;gt;();

        public IObservable&amp;lt;StickyEventArgs&amp;gt; BlockageStatus 
            =&amp;gt; _blockageStatus.AsObservable();

        public void Run() 
            =&amp;gt; _blockageStatus.OnNext(new StickyEventArgs());
    }

    public class BetterGlueMachineTracker : IDisposable
    {
        private readonly IDisposable _blockageStatusWatcher;

        public BetterGlueMachineTracker(BetterGlueMachineMonitor monitor) 
            =&amp;gt; _blockageStatusWatcher = monitor.BlockageStatus.Subscribe(ItChangesOverTime);

        private static void ItChangesOverTime(StickyEventArgs e) 
            =&amp;gt; Console.WriteLine(&amp;quot;get the bloody solvent out, lads&amp;quot;);

        public void Dispose() 
            =&amp;gt; _blockageStatusWatcher.Dispose();
    }
&lt;/code&gt;&lt;/pre&gt;
&lt;p&gt;and then I stress-tested the absolute mother of all monstrous hell out of it because trust me, you have never seen so much incoming data in your life as you will from an automated production line.&lt;/p&gt;
&lt;p&gt;Take a look at that second block of code, though, the one with the Observables.  It's nice, isn't it?  Neat.  Tidy.  You can see exactly what it does and how.  &amp;quot;This data has changed shape, express that to any observers&amp;quot;.  And then clean up on Dispose.&lt;/p&gt;
&lt;p&gt;I was intrigued.&lt;/p&gt;
&lt;p&gt;Compare and contract to the usual imperative style.&lt;/p&gt;
&lt;pre&gt;&lt;code&gt;Do this thing.  
Get this data.  
If data is this, do that.  
If data is null, explode horribly.   
Return data, assuming you haven't exploded horribly. 
&lt;/code&gt;&lt;/pre&gt;
&lt;p&gt;I exaggerate of course, but I'd just discovered &lt;em&gt;Functional Reactive Programming&lt;/em&gt;.  I don't tell the code what to do, I tell it &lt;em&gt;how to react when things happen&lt;/em&gt;.  I was pretty excited.&lt;/p&gt;
&lt;p&gt;Then I started to apply the LINQ i already knew but mistrusted to Observables because with that tidal wave of data, I don't want to write down everything.  The database would explode (and indeed, this had been a problem too. Regular manual truncates just to keep the system up due to gigs of redundant data).&lt;/p&gt;
&lt;p&gt;And suddenly, I had &lt;em&gt;Functional Pipelines&lt;/em&gt;.  I'd shied away from these before - how do you unit test a pipeline? - but the benefits of dealing with 4D data correctly were too good to pass by.  And obviously, you test the units of the pipeline, god I was such a fool.&lt;/p&gt;
&lt;p&gt;So when the time came to think about rewriting the front-end - trust me, it needed it - I was already thinking in terms of describing how I wanted the interface to react to user input (and massive tons of data streaming in from bloody KepWare).  I won't say there was no learning curve, there's always a learning curve.&lt;/p&gt;
&lt;p&gt;The data is a wave, not a particle.  It's predictable within certain bounds but you need to react to it, not control it.  Reactive programming turns data into a wave you can surf. And that's why I'm here.&lt;/p&gt;
&lt;p&gt;Also, events suck.&lt;/p&gt;
&lt;p&gt;Tune in next week and we'll talk about how nulls suck and Exceptions suck and how you can surf those, too.&lt;/p&gt;
</content>
		<summary>&lt;p&gt;Well, some say the Creator took a handful of sand and - wait, no.  Why are we &lt;em&gt;here&lt;/em&gt;? Why ReactiveUI?&lt;/p&gt;</summary>
	</entry>
	<entry>
		<id>http://reactiveui.net/blog/2019/05/uwp-minimum-requirement</id>
		<title>UWP minimum version is now 10.0.17763.0</title>
		<author>
			<name>Glenn Watson</name>
		</author>
		<link href="http://reactiveui.net/blog/2019/05/uwp-minimum-requirement" />
		<updated>2019-05-13T00:00:00Z</updated>
		<content>&lt;p&gt;Due to a ongoing issue with &lt;a href="https://github.com/microsoft/azure-pipelines-image-generation/pull/770"&gt;Azure DevOps&lt;/a&gt; we had to change our minimum version from 10.0.16299 to 10.0.17763.0 for the UWP platform.&lt;/p&gt;
&lt;p&gt;Without this set as your minimum version ReactiveUI controls will be seen as missing.&lt;/p&gt;
&lt;p&gt;To fix the issue change within your .csproj file the following line to be 10.0.17763.0 or above.&lt;/p&gt;
&lt;pre&gt;&lt;code class="language-xml"&gt;&amp;lt;TargetPlatformMinVersion&amp;gt;10.0.17763.0&amp;lt;/TargetPlatformMinVersion&amp;gt;
&lt;/code&gt;&lt;/pre&gt;
</content>
		<summary>&lt;p&gt;Due to a ongoing issue with &lt;a href="https://github.com/microsoft/azure-pipelines-image-generation/pull/770"&gt;Azure DevOps&lt;/a&gt; we had to change our minimum version from 10.0.16299 to 10.0.17763.0 for the UWP platform.&lt;/p&gt;</summary>
	</entry>
	<entry>
		<id>http://reactiveui.net/blog/2019/03/splat-v7.0.1-released</id>
		<title>Splat v7.0.1 released</title>
		<author>
			<name>Rodney Littles, II</name>
		</author>
		<link href="http://reactiveui.net/blog/2019/03/splat-v7.0.1-released" />
		<updated>2019-03-19T00:00:00Z</updated>
		<content>&lt;p&gt;Splat 7.0.1 is here!&lt;/p&gt;
&lt;p&gt;Logging has been the theme of Splat v7.0.1 and there are a few breaking changes.&lt;/p&gt;
&lt;p&gt;The following interfaces have either been changed or added.&lt;/p&gt;
&lt;ul&gt;
&lt;li&gt;&lt;code&gt;ILogger&lt;/code&gt;&lt;/li&gt;
&lt;li&gt;&lt;code&gt;IFullLogger&lt;/code&gt;&lt;/li&gt;
&lt;li&gt;&lt;code&gt;IAllocationFreeLogger&lt;/code&gt;&lt;/li&gt;
&lt;li&gt;&lt;code&gt;IAllocationFreeErrorLogger&lt;/code&gt;&lt;/li&gt;
&lt;/ul&gt;
&lt;p&gt;If you have implemented any of these interfaces, you will need to implement the new methods and look for deprecations. These breaking changes helped us support some of the modern context logging frameworks.  We now give the user of the root level logger more control over how the data is passed to you.&lt;/p&gt;
&lt;p&gt;The &lt;code&gt;IFullLogger&lt;/code&gt; had a few methods deprecated, and a few re-allocated to the &lt;code&gt;IAllocationFreeLogger&lt;/code&gt;.  The &lt;code&gt;AllocationFreeLoggerBase&lt;/code&gt; is a base implementation that provides allocation free context logging.  This provides the &lt;code&gt;WrappingFullLogger&lt;/code&gt; with access to up to ten generic type parameters for logging, and error logging.&lt;/p&gt;
&lt;p&gt;We have also started support of Splat.Serilog and Splat.NLog.  So now the adapters for these frameworks are being supported by ReactiveUI.  We have also added support of Splat.Microsoft.Extensions.Logging.  Big thanks to &lt;a href="https://github.com/dpvreony"&gt;dpvreony&lt;/a&gt; and &lt;a href="https://github.com/joelweiss"&gt;joelweiss&lt;/a&gt; for providing these implementations.&lt;/p&gt;
&lt;p&gt;Splat has support for the following logging frameworks:&lt;/p&gt;
&lt;ul&gt;
&lt;li&gt;&lt;a href="https://www.nuget.org/packages/Splat.Serilog/"&gt;Splat.Serilog&lt;/a&gt;&lt;/li&gt;
&lt;li&gt;&lt;a href="https://www.nuget.org/packages/Splat.NLog/"&gt;Splat.NLog&lt;/a&gt;&lt;/li&gt;
&lt;li&gt;&lt;a href="https://www.nuget.org/packages/Splat.Log4Net/"&gt;Splat.Log4Net&lt;/a&gt;&lt;/li&gt;
&lt;li&gt;&lt;a href="https://www.nuget.org/packages/Splat.Microsoft.Extensions.Logging/"&gt;Splat.MicrosoftExtensionsLogging&lt;/a&gt;&lt;/li&gt;
&lt;/ul&gt;
&lt;p&gt;There are also a number of Splat adapters that allow use of other dependency inversion containers in Splat.  You can use these adapters with your container of choice.  Splat has always had this ability, but now we deliver a few adapters for you in neatly wrapped packages for your consumption.&lt;/p&gt;
&lt;p&gt;Splat has support for the following containers:&lt;/p&gt;
&lt;ul&gt;
&lt;li&gt;&lt;a href="https://www.nuget.org/packages/Splat.Autofac/"&gt;Splat.Autofac&lt;/a&gt;&lt;/li&gt;
&lt;li&gt;&lt;a href="https://www.nuget.org/packages/Splat.DryIoc/"&gt;Splat.DryIoc&lt;/a&gt;&lt;/li&gt;
&lt;li&gt;&lt;a href="https://www.nuget.org/packages/Splat.SimpleInjector/"&gt;Splat.SimpleInjector&lt;/a&gt;&lt;/li&gt;
&lt;/ul&gt;
&lt;p&gt;If you have any problems with Splat v7.0.1 please feel free to submit an &lt;a href="https://github/reacitveui/splat/issues"&gt;Issue&lt;/a&gt;, or join us in &lt;a href="https://reactiveui.net/slack"&gt;Slack&lt;/a&gt; to discuss further.&lt;/p&gt;
</content>
		<summary>&lt;p&gt;Splat 7.0.1 is here!&lt;/p&gt;</summary>
	</entry>
	<entry>
		<id>http://reactiveui.net/blog/2019/01/reactiveui-rebranding</id>
		<title>ReactiveUI Rebranding</title>
		<author>
			<name>Artyom Gorchakov</name>
		</author>
		<link href="http://reactiveui.net/blog/2019/01/reactiveui-rebranding" />
		<updated>2019-01-20T00:00:00Z</updated>
		<content>&lt;p&gt;ReactiveUI was created by Anaïs Betts whilst working in Office Labs at Microsoft, and released in early 2011. Since that time, ReactiveUI has become a mature framework &lt;a href="https://github.com/reactiveui/ReactiveUI/issues/979#issuecomment-196735701"&gt;trusted by Slack, GitHub, Amazon, Elastic and Microsoft&lt;/a&gt;, has become a member of the &lt;a href="https://www.dotnetfoundation.org/"&gt;Dot Net Foundation&lt;/a&gt;, and actively maintained by the open-source community on GitHub. The work we do is sponsored by &lt;a href="https://opencollective.com/reactiveui"&gt;our wonderful Backers on OpenCollective&lt;/a&gt;.&lt;/p&gt;
&lt;p&gt;Now, the Team focuses on improving developer accessibility of ReactiveUI. Numerous issues were fixed during the past year, missing xml documentation was added, exception messages were clarified. We are now at a level of maturity where chatlogs in the documentation pages aren't needed anymore. Most features of the framework are well-documented now, including &lt;a href="https://reactiveui.net/docs/handbook/testing/"&gt;testing&lt;/a&gt;, &lt;a href="https://reactiveui.net/docs/handbook/routing/"&gt;routing&lt;/a&gt; and &lt;a href="https://reactiveui.net/docs/handbook/when-activated/"&gt;activation&lt;/a&gt;. If you would like to learn ReactiveUI in-depth, step by step, consider purchasing the book &lt;a href="https://kent-boogaart.com/you-i-and-reactiveui/"&gt;&amp;quot;You, I and ReactiveUI&amp;quot;&lt;/a&gt; written by Kent Boogaart.&lt;/p&gt;
&lt;p&gt;Another way of improving ReactiveUI is making the framework more attractive and recognizable. We are working now on updating the image of ReactiveUI documentation website, to follow modern design trends and to improve the user experience. We are pleased to show you the new ReactiveUI logo!&lt;/p&gt;
&lt;img src="/about/before-after.png" /&gt;
&lt;p&gt;When developing it, we tried to make things as simple as possible, but still recognizable by developers who use ReactiveUI. The new logo is easier for printing, SVG and PSD files are available in our &lt;a href="https://github.com/reactiveui/styleguide/"&gt;styleguide repository&lt;/a&gt;. Hope you love it, and more updates are yet to come, including design improvements of our website. Join our &lt;a href="https://reactiveui.net/slack"&gt;Slack workspace&lt;/a&gt;, if not already.&lt;/p&gt;
</content>
		<summary>&lt;p&gt;ReactiveUI was created by Anaïs Betts whilst working in Office Labs at Microsoft, and released in early 2011. Since that time, ReactiveUI has become a mature framework &lt;a href="https://github.com/reactiveui/ReactiveUI/issues/979#issuecomment-196735701"&gt;trusted by Slack, GitHub, Amazon, Elastic and Microsoft&lt;/a&gt;, has become a member of the &lt;a href="https://www.dotnetfoundation.org/"&gt;Dot Net Foundation&lt;/a&gt;, and actively maintained by the open-source community on GitHub. The work we do is sponsored by &lt;a href="https://opencollective.com/reactiveui"&gt;our wonderful Backers on OpenCollective&lt;/a&gt;.&lt;/p&gt;</summary>
	</entry>
	<entry>
		<id>http://reactiveui.net/blog/2018/12/release-notes-on-github</id>
		<title>Release notes now on GitHub</title>
		<author>
			<name>Glenn Watson</name>
		</author>
		<link href="http://reactiveui.net/blog/2018/12/release-notes-on-github" />
		<updated>2018-12-30T00:00:00Z</updated>
		<content>&lt;p&gt;Rather than creating a blog entry for every Release we are now going to store the release note exclusively on the &lt;a href="https://github.com/reactiveui/ReactiveUI/releases"&gt;GitHub Releases&lt;/a&gt;.&lt;/p&gt;
&lt;p&gt;The reason for this change is we were finding most of the time we were just copying pasting between the GitHub release and the blog. Our other main motivator
is to make sure our blog posts alert you to more major changes in our product or processes, and we wanted to reduce the amount of noise going out.&lt;/p&gt;
&lt;p&gt;We are planning on also automating announcements of releases to Twitter, and already have automated the release notifications on our main &lt;a href="https://reactiveui.net/slack"&gt;Slack channel&lt;/a&gt;.&lt;/p&gt;
</content>
		<summary>&lt;p&gt;Rather than creating a blog entry for every Release we are now going to store the release note exclusively on the &lt;a href="https://github.com/reactiveui/ReactiveUI/releases"&gt;GitHub Releases&lt;/a&gt;.&lt;/p&gt;</summary>
	</entry>
	<entry>
		<id>http://reactiveui.net/blog/2018/12/reactiveui-v9.5.1-released</id>
		<title>ReactiveUI v9.5.1 released</title>
		<author>
			<name>Glenn Watson</name>
		</author>
		<link href="http://reactiveui.net/blog/2018/12/reactiveui-v9.5.1-released" />
		<updated>2018-12-26T00:00:00Z</updated>
		<content>&lt;p&gt;Release 9.5.1 of ReactiveUI is available!&lt;/p&gt;
&lt;p&gt;This is just a minor maintenance release with some updated event frameworks and internal housekeeping items.&lt;/p&gt;
&lt;h2 id="whats-changed"&gt;What's Changed&lt;/h2&gt;
&lt;h3 id="external-facing-changes"&gt;External Facing Changes&lt;/h3&gt;
&lt;ul&gt;
&lt;li&gt;Add documentation explaining how to use ReactiveUserControl in XAML (#1855) &amp;#64;jorisvergeer&lt;/li&gt;
&lt;li&gt;housekeeping: Update XamForms events to 3.3.0.967583 (#1862) &amp;#64;glennawatson&lt;/li&gt;
&lt;/ul&gt;
&lt;h3 id="internal-changes-only"&gt;Internal Changes Only&lt;/h3&gt;
&lt;ul&gt;
&lt;li&gt;housekeeping: now use cake 0.30.0 (#1852) &amp;#64;glennawatson&lt;/li&gt;
&lt;li&gt;housekeeping: remove warnings from code base (#1851) &amp;#64;glennawatson&lt;/li&gt;
&lt;li&gt;(housekeeping) Add preview branches to azure pipelines (#1858) (#1858) &amp;#64;RLittlesII&lt;/li&gt;
&lt;li&gt;housekeeping: Update to cake 0.31.0 (#1860) &amp;#64;glennawatson&lt;/li&gt;
&lt;li&gt;housekeeping: Update to the latest PinNugetDependencies cake addin (#1861) &amp;#64;glennawatson&lt;/li&gt;
&lt;li&gt;housekeeping: Move benchmarks into the src folder (#1863) &amp;#64;glennawatson&lt;/li&gt;
&lt;li&gt;housekeeping: fix warnings and compile of benchmark (#1864) &amp;#64;glennawatson&lt;/li&gt;
&lt;/ul&gt;
</content>
		<summary>&lt;p&gt;Release 9.5.1 of ReactiveUI is available!&lt;/p&gt;</summary>
	</entry>
	<entry>
		<id>http://reactiveui.net/blog/2018/12/reactiveui-v9.4.1-released</id>
		<title>ReactiveUI v9.4.1 released</title>
		<author>
			<name>Glenn Watson</name>
		</author>
		<link href="http://reactiveui.net/blog/2018/12/reactiveui-v9.4.1-released" />
		<updated>2018-12-04T00:00:00Z</updated>
		<content>&lt;p&gt;Release 9.4.1 of ReactiveUI is available!&lt;/p&gt;
&lt;p&gt;This is just a minor maintenance release with a bug fix.&lt;/p&gt;
&lt;h2 id="whats-changed"&gt;What's Changed&lt;/h2&gt;
&lt;ul&gt;
&lt;li&gt;housekeeping: Add ReactiveUI.Fody usage example (#1846) &amp;#64;worldbeater&lt;/li&gt;
&lt;li&gt;fix: unable to register views for externally loaded modules (#1847) &amp;#64;glennawatson&lt;/li&gt;
&lt;li&gt;housekeeping: Use string interpolation where appropriate (#1848) &amp;#64;gpriaulx&lt;/li&gt;
&lt;li&gt;housekeeping: Resolve petty whitespace related warnings. (#1849) &amp;#64;gpriaulx&lt;/li&gt;
&lt;/ul&gt;
</content>
		<summary>&lt;p&gt;Release 9.4.1 of ReactiveUI is available!&lt;/p&gt;</summary>
	</entry>
	<entry>
		<id>http://reactiveui.net/blog/2018/11/reactiveui-v9.3.1-released</id>
		<title>ReactiveUI v9.3.1 released</title>
		<author>
			<name>Glenn Watson</name>
		</author>
		<link href="http://reactiveui.net/blog/2018/11/reactiveui-v9.3.1-released" />
		<updated>2018-11-20T00:00:00Z</updated>
		<content>&lt;p&gt;Release 9.3.1 of ReactiveUI is available!&lt;/p&gt;
&lt;p&gt;Updated our external library dependencies. As per our upgrade policy, we are upgrading Xamarin Forms to one version behind the latest, so 3.3. As part of this update the minimum version of Android we support has had to increase from 8.0 to 8.1.&lt;/p&gt;
&lt;h2 id="whats-changed"&gt;What's Changed&lt;/h2&gt;
&lt;ul&gt;
&lt;li&gt;ReactiveDemo hack around VS xaml designer issue with inherits from generic classes (#1837) &amp;#64;Nilox&lt;/li&gt;
&lt;li&gt;housekeeping: Update shields.io downloads badge (#1838) &amp;#64;worldbeater&lt;/li&gt;
&lt;li&gt;housekeeping: Update dependencies to latest versions. XamForms, Android, DynamicData, Splat (#1839) &amp;#64;glennawatson&lt;/li&gt;
&lt;li&gt;housekeeping: Update android to use Android 8.1. (#1840)&lt;/li&gt;
&lt;/ul&gt;
</content>
		<summary>&lt;p&gt;Release 9.3.1 of ReactiveUI is available!&lt;/p&gt;</summary>
	</entry>
	<entry>
		<id>http://reactiveui.net/blog/2018/11/reactiveui-v9.2.2-released</id>
		<title>ReactiveUI v9.2.2 released</title>
		<author>
			<name>Glenn Watson</name>
		</author>
		<link href="http://reactiveui.net/blog/2018/11/reactiveui-v9.2.2-released" />
		<updated>2018-11-11T00:00:00Z</updated>
		<content>&lt;p&gt;Release 9.2.2 of ReactiveUI is available!&lt;/p&gt;
&lt;p&gt;Note there has been a major change to the ReactiveCommand. See &lt;a href="https://reactiveui.net/blog/2018/11/reactive-command-abstract"&gt;here&lt;/a&gt; for details.&lt;/p&gt;
&lt;h2 id="whats-changed"&gt;What's Changed&lt;/h2&gt;
&lt;ul&gt;
&lt;li&gt;housekeeping: Update to latest msbuild.sdk.extras (#1832) &amp;#64;glennawatson&lt;/li&gt;
&lt;li&gt;refactor: Remove ReactiveCommand abstract class. (#1836) &amp;#64;glennawatson&lt;/li&gt;
&lt;/ul&gt;
</content>
		<summary>&lt;p&gt;Release 9.2.2 of ReactiveUI is available!&lt;/p&gt;</summary>
	</entry>
	<entry>
		<id>http://reactiveui.net/blog/2018/11/reactive-command-abstract</id>
		<title>Removing ReactiveCommand abstract base class</title>
		<author>
			<name>Rodney Littles, II</name>
		</author>
		<link href="http://reactiveui.net/blog/2018/11/reactive-command-abstract" />
		<updated>2018-11-07T00:00:00Z</updated>
		<content>&lt;p&gt;The ReactiveUI team has been urging consumers for some time now to move away from the &lt;code&gt;ReactiveCommand&lt;/code&gt; abstract class for properties.  There are some slight nuiances with type constraints that can sometimes cause run time bugs.  Because your property can resolve to an abstract base implementation doesn't mean you should define it that way.  We are very adamante about creating a type safe environment where consumers don't have to worry about hidden runtime issues with the framework. &lt;a href="https://github.com/reactiveui/rfcs/issues/19"&gt;RFC: Remove ReactiveCommand abstract base class&lt;/a&gt; was raised to address this exact issue.&lt;/p&gt;
&lt;p&gt;&lt;code&gt;ReactiveCommand LoginCommand = ReactiveCommand.Create(ExecuteLogin);&lt;/code&gt; works fine at compile time.  Depending on the type resolution and what your expectation of the &lt;code&gt;Create&lt;/code&gt; &lt;code&gt;TParam&lt;/code&gt; and &lt;code&gt;TReturn&lt;/code&gt; types, this doesn't work as expected.  ReactiveUI bindings can also be affected by types not resolving correctly at run time.  To close the loop on this, and make good on our feedback of &amp;quot;don't do that&amp;quot;, we have removed the &lt;code&gt;ReactiveCommand&lt;/code&gt; abstract base class.  This will enforce our concerns for using &lt;code&gt;ReactiveCommand&amp;lt;TParam, TResult&amp;gt;&lt;/code&gt; to ensure avoidance of runtime type resolution issues.&lt;/p&gt;
&lt;p&gt;This change shouldn't cause any breaking changes to the &lt;code&gt;ReactiveCommand&lt;/code&gt;, but if you have been using the abstract base class to define properties, moving to the new package, you will have to define the types of your existing commands.  If you previously extended the &lt;code&gt;ReactiveCommand&lt;/code&gt; abstract base class, you should change that to derive from &lt;code&gt;ReactiveCommandBase&amp;lt;TParam, TResult&amp;gt;&lt;/code&gt; in the future.&lt;/p&gt;
</content>
		<summary>&lt;p&gt;The ReactiveUI team has been urging consumers for some time now to move away from the &lt;code&gt;ReactiveCommand&lt;/code&gt; abstract class for properties.  There are some slight nuiances with type constraints that can sometimes cause run time bugs.  Because your property can resolve to an abstract base implementation doesn't mean you should define it that way.  We are very adamante about creating a type safe environment where consumers don't have to worry about hidden runtime issues with the framework. &lt;a href="https://github.com/reactiveui/rfcs/issues/19"&gt;RFC: Remove ReactiveCommand abstract base class&lt;/a&gt; was raised to address this exact issue.&lt;/p&gt;</summary>
	</entry>
	<entry>
		<id>http://reactiveui.net/blog/2018/10/reactiveui-v9.1.1-released</id>
		<title>ReactiveUI v9.1.1 released</title>
		<author>
			<name>Glenn Watson</name>
		</author>
		<link href="http://reactiveui.net/blog/2018/10/reactiveui-v9.1.1-released" />
		<updated>2018-10-28T00:00:00Z</updated>
		<content>&lt;p&gt;Release 9.1.1 of ReactiveUI is available!&lt;/p&gt;
&lt;h2 id="whats-changed"&gt;What's Changed&lt;/h2&gt;
&lt;ul&gt;
&lt;li&gt;housekeeping: Added Code Analyzers (#1749) &amp;#64;RLittlesII&lt;/li&gt;
&lt;li&gt;housekeeping: tidy up cref documentation in event builder (#1753) (#1753) &amp;#64;olevett&lt;/li&gt;
&lt;li&gt;Fix Azure Pipelines badge (#1817) &amp;#64;gtbuchanan&lt;/li&gt;
&lt;li&gt;housekeeping: Update Azure Pipelines build badge to new URL (#1818) (#1818) &amp;#64;kaylangan&lt;/li&gt;
&lt;li&gt;housekeeping: Fix broken link to samples page (#1819) &amp;#64;worldbeater&lt;/li&gt;
&lt;li&gt;housekeeping: Add installation instructions (#1820) (#1820) &amp;#64;worldbeater&lt;/li&gt;
&lt;li&gt;Housekeeping: Allow explicit specification of VS and MSBuild path (#1821) &amp;#64;kdubau&lt;/li&gt;
&lt;li&gt;housekeeping: Fixed analyzers breaking other solutions (#1823) (#1823) &amp;#64;RLittlesII&lt;/li&gt;
&lt;li&gt;housekeeping: Improve code snippets in readme.md (#1825) &amp;#64;worldbeater&lt;/li&gt;
&lt;li&gt;fody: use FindType for Exception (#1828) &amp;#64;mdonoughe&lt;/li&gt;
&lt;li&gt;housekeeping: tidying of build warnings in event builder (#1826) &amp;#64;olevett&lt;/li&gt;
&lt;li&gt;feature: Add WPF ReactiveWindow (#1827) &amp;#64;worldbeater&lt;/li&gt;
&lt;/ul&gt;
</content>
		<summary>&lt;p&gt;Release 9.1.1 of ReactiveUI is available!&lt;/p&gt;</summary>
	</entry>
	<entry>
		<id>http://reactiveui.net/blog/2018/10/reactiveui-v9.0.1-released</id>
		<title>ReactiveUI v9.0.1 released</title>
		<author>
			<name>Glenn Watson</name>
		</author>
		<link href="http://reactiveui.net/blog/2018/10/reactiveui-v9.0.1-released" />
		<updated>2018-10-05T00:00:00Z</updated>
		<content>&lt;p&gt;Release 9.0.1 of ReactiveUI is available!&lt;/p&gt;
&lt;h2 id="whats-changed"&gt;What's Changed&lt;/h2&gt;
&lt;p&gt;Please note the biggest change is ReactiveList, IReactiveDerivedList are being marked as deprecated. Recommend the use of DynamicData instead &lt;a href="https://github.com/RolandPheasant/DynamicData"&gt;https://github.com/RolandPheasant/DynamicData&lt;/a&gt;&lt;/p&gt;
&lt;ul&gt;
&lt;li&gt;Added Benchmark Harness (#1729) (#1729) &amp;#64;RLittlesII&lt;/li&gt;
&lt;li&gt;feature: Add a constructor to take the constructor to RoutingState (#1730) &amp;#64;glennawatson&lt;/li&gt;
&lt;li&gt;fix: All bench marks are now correctly running (#1731) &amp;#64;glennawatson&lt;/li&gt;
&lt;li&gt;housekeeping: Make the ReactiveList and related interfaces and components Obsolete. (#1727) &amp;#64;glennawatson&lt;/li&gt;
&lt;li&gt;Made the ReactivePagerAdapter not rely on ReactiveList. (#1736) &amp;#64;glennawatson&lt;/li&gt;
&lt;li&gt;housekeeping: update integration tests to latest nuget versions. (#1738) &amp;#64;glennawatson&lt;/li&gt;
&lt;li&gt;feature: Add app for the getting started guide (#1740) &amp;#64;worldbeater&lt;/li&gt;
&lt;li&gt;Add MasterDetailPage sample (#1741) &amp;#64;cabauman&lt;/li&gt;
&lt;li&gt;housekeeping: Make debug type use portable format and embedded. (#1742) &amp;#64;glennawatson&lt;/li&gt;
&lt;li&gt;Fix Xamarin.Forms RoutedViewHost exception (#1744) &amp;#64;cabauman&lt;/li&gt;
&lt;li&gt;housekeeping: update public api generator to allow for embedded pdbs. (#1743) &amp;#64;glennawatson&lt;/li&gt;
&lt;li&gt;samples: Add xamarin page routing and support various detail views (#1745) (#1745) &amp;#64;cabauman&lt;/li&gt;
&lt;li&gt;consolidate files (#1747) &amp;#64;onovotny&lt;/li&gt;
&lt;/ul&gt;
</content>
		<summary>&lt;p&gt;Release 9.0.1 of ReactiveUI is available!&lt;/p&gt;</summary>
	</entry>
	<entry>
		<id>http://reactiveui.net/blog/2018/08/reactiveui-succession-update</id>
		<title>ReactiveUI Succession Update</title>
		<author>
			<name>Rodney Littles, II</name>
		</author>
		<link href="http://reactiveui.net/blog/2018/08/reactiveui-succession-update" />
		<updated>2018-08-28T00:00:00Z</updated>
		<content>&lt;p&gt;ReactiveUI has released several minor versions since 8.0.  Some of the most recent versions have been released without Geoff having to push code, or prep issues.  This is thanks to members of the core team, and community members who have stepped up to move the project forward.  Glenn Watson has started to play a large role in the maintenance of ReactiveUI.  There have been other's getting involved in enhancing some of the platform logic, and documentation.  Community members have been identifying and resolving issues that help make our framework better.  What does this mean for ReactiveUI succession? It's happening.  What does that mean for you?  It means we are working on ways to improve ReactiveUI and make it easier to consume.  We have several initiatives on the team and there are a few RFC's planned for the 9.0 release that might be of interest.&lt;/p&gt;
&lt;p&gt;We are trying to make the contributor experience better.  &lt;a href="https://github.com/reactiveui/rfcs/issues/18"&gt;RFC 18&lt;/a&gt; is about enforcing a consistent coding style across the entire code base.  We are going to configure analyzers that will enforce the &lt;a href="https://github.com/dotnet/corefx/blob/master/Documentation/coding-guidelines/coding-style.md#c-coding-style"&gt;Core Fx&lt;/a&gt; rules.  This will remove the friction of contributors having to check to see if their changes are compliant with our rules before submitting a Pull Request!  This change will also add xml comments to our public API surface.  Going forward consumers of ReactiveUI will get intellisense comments for the public API inside the IDE.&lt;/p&gt;
&lt;p&gt;Another, more significant change is &lt;a href="https://github.com/reactiveui/rfcs/issues/10"&gt;RFC 10&lt;/a&gt; which brings the deprecation of &lt;code&gt;ReactiveList&lt;/code&gt;.  We are removing &lt;code&gt;ReactiveList&lt;/code&gt; in favor of &lt;a href="https://github.com/RolandPheasant/DynamicData"&gt;Roland Pheasant's Dynamic Data&lt;/a&gt;.  There have been numerous issues reported around &lt;code&gt;ReactiveList&lt;/code&gt;, from performance concerns to usability of the feature.  We felt that instead of continuing support our implementation, we should move towards an implementation that is reactive, and built to handle what &lt;code&gt;ReactiveList&lt;/code&gt; was intended for, and more.  You can read more about &lt;a href="https://github.com/RolandPheasant/DynamicData/wiki/Introduction-for-ReactiveUI-users"&gt;Dynamic Data for ReactiveUI Consumers&lt;/a&gt;&lt;/p&gt;
&lt;p&gt;There have been a few work streams in the ReactiveUI repository to support this effort.  We took deprecation of &lt;code&gt;ReactiveList&lt;/code&gt; as an opportunity to incorporate performance benchmarks using &lt;a href="https://github.com/dotnet/BenchmarkDotNet"&gt;Benchmark DotNet&lt;/a&gt;.  Before changing the internals of ReactiveUI, we felt it best to verify any memory or performance concerns with this change.  Our long term plan is to benchmark as many areas in the framework that make sense so we can look for the best ways to improve performance in the future.&lt;/p&gt;
&lt;p&gt;ReactiveUI version 9.0 is coming and with it some improvements.  We aren't done there, what will be the focus of ReactiveUI v10? What do you want to see included? Join us on Slack &lt;a href="https://reactiveui.net/slack"&gt;https://reactiveui.net/slack&lt;/a&gt;, or post an RFC and tell us what would improve your consumer experience!&lt;/p&gt;
</content>
		<summary>&lt;p&gt;ReactiveUI has released several minor versions since 8.0.  Some of the most recent versions have been released without Geoff having to push code, or prep issues.  This is thanks to members of the core team, and community members who have stepped up to move the project forward.  Glenn Watson has started to play a large role in the maintenance of ReactiveUI.  There have been other's getting involved in enhancing some of the platform logic, and documentation.  Community members have been identifying and resolving issues that help make our framework better.  What does this mean for ReactiveUI succession? It's happening.  What does that mean for you?  It means we are working on ways to improve ReactiveUI and make it easier to consume.  We have several initiatives on the team and there are a few RFC's planned for the 9.0 release that might be of interest.&lt;/p&gt;</summary>
	</entry>
	<entry>
		<id>http://reactiveui.net/blog/2018/08/reactiveui-v8.7.1-released</id>
		<title>ReactiveUI v8.7.1 released</title>
		<author>
			<name>Rodney Littles, II</name>
		</author>
		<link href="http://reactiveui.net/blog/2018/08/reactiveui-v8.7.1-released" />
		<updated>2018-08-17T00:00:00Z</updated>
		<content>&lt;p&gt;Release 8.7.1 of ReactiveUI is available!&lt;/p&gt;
&lt;h2 id="whats-changed"&gt;What's Changed&lt;/h2&gt;
&lt;ul&gt;
&lt;li&gt;[XamForms] Allow navigation transition animations to be disabled (#1655) &amp;#64;bratsche&lt;/li&gt;
&lt;li&gt;housekeeping: Use StartsWith in the csproj files to make it easier to target new versions (#1623) &amp;#64;martijn00&lt;/li&gt;
&lt;li&gt;housekeeping: Release ReactiveUI 8.7 (#1723) &amp;#64;glennawatson&lt;/li&gt;
&lt;/ul&gt;
</content>
		<summary>&lt;p&gt;Release 8.7.1 of ReactiveUI is available!&lt;/p&gt;</summary>
	</entry>
	<entry>
		<id>http://reactiveui.net/blog/2018/08/reactiveui-v8.6.3-released</id>
		<title>ReactiveUI v8.6.3 released</title>
		<author>
			<name>Glenn Watson</name>
		</author>
		<link href="http://reactiveui.net/blog/2018/08/reactiveui-v8.6.3-released" />
		<updated>2018-08-17T00:00:00Z</updated>
		<content>&lt;p&gt;Release 8.6.3 of ReactiveUI is available!&lt;/p&gt;
&lt;h2 id="whats-changed"&gt;What's Changed&lt;/h2&gt;
&lt;ul&gt;
&lt;li&gt;feature: Stamp the code repository details in projects (#1720) &amp;#64;glennawatson&lt;/li&gt;
&lt;li&gt;feature: automatically draft release notes (#1721) &amp;#64;reactiveuibot&lt;/li&gt;
&lt;/ul&gt;
</content>
		<summary>&lt;p&gt;Release 8.6.3 of ReactiveUI is available!&lt;/p&gt;</summary>
	</entry>
	<entry>
		<id>http://reactiveui.net/blog/2018/08/reactiveui-v8.6.1-released</id>
		<title>ReactiveUI v8.6.1 released</title>
		<author>
			<name>Rodney Littles, II</name>
		</author>
		<link href="http://reactiveui.net/blog/2018/08/reactiveui-v8.6.1-released" />
		<updated>2018-08-14T00:00:00Z</updated>
		<content>&lt;p&gt;Release 8.6.1 of ReactiveUI is available!&lt;/p&gt;
&lt;p&gt;As part of this release we had &lt;a href="https://github.com/reactiveui/ReactiveUI/issues?milestone=14&amp;amp;state=closed"&gt;6 issues&lt;/a&gt; closed.&lt;/p&gt;
&lt;p&gt;Thank You everyone who contributed to get the intergration tests done!&lt;/p&gt;
&lt;p&gt;Thanks Glenn and Emmanuele for adding TV OS support!&lt;/p&gt;
&lt;p&gt;&lt;strong&gt;Documentation&lt;/strong&gt;&lt;/p&gt;
&lt;ul&gt;
&lt;li&gt;&lt;a href="https://github.com/reactiveui/ReactiveUI/pull/1616"&gt;&lt;strong&gt;#1616&lt;/strong&gt;&lt;/a&gt; Fix: change exceptions to have meaningful directions to documentation to help users.&lt;/li&gt;
&lt;li&gt;&lt;a href="https://github.com/reactiveui/ReactiveUI/issues/1597"&gt;&lt;strong&gt;#1597&lt;/strong&gt;&lt;/a&gt; &amp;quot;Couldn't find an IPlatformOperations. This should never happen, your dependency resolver is broken&amp;quot; on WPF&lt;/li&gt;
&lt;/ul&gt;
&lt;p&gt;&lt;strong&gt;Xamarin TV OS&lt;/strong&gt;&lt;/p&gt;
&lt;ul&gt;
&lt;li&gt;&lt;a href="https://github.com/reactiveui/ReactiveUI/pull/1706"&gt;&lt;strong&gt;#1706&lt;/strong&gt;&lt;/a&gt; feature: Add support for Xamarin TV.OS&lt;/li&gt;
&lt;/ul&gt;
</content>
		<summary>&lt;p&gt;Release 8.6.1 of ReactiveUI is available!&lt;/p&gt;</summary>
	</entry>
	<entry>
		<id>http://reactiveui.net/blog/2018/08/deprecated-reactive-list</id>
		<title>Deprecating ReactiveList</title>
		<author>
			<name>Rodney Littles, II</name>
		</author>
		<link href="http://reactiveui.net/blog/2018/08/deprecated-reactive-list" />
		<updated>2018-08-13T00:00:00Z</updated>
		<content>&lt;h1 id="reactiveui-is-deprecating-reactivelist"&gt;ReactiveUI is deprecating &lt;code&gt;ReactiveList&lt;/code&gt;&lt;/h1&gt;
&lt;p&gt;With the coming 8.6.1 release, &lt;code&gt;ReactiveList&lt;/code&gt; will be marked as deprecated.  ReactiveList is being replaced by Roland Pheasants &lt;a href="https://github.com/RolandPheasant/DynamicData"&gt;Dynamic Data&lt;/a&gt;&lt;/p&gt;
&lt;h2 id="what-does-this-mean-for-me"&gt;What does this mean for me?&lt;/h2&gt;
&lt;p&gt;We hope, nothing.  Other than no longer supporting the public API of ReactiveList, the end user shouldn't experience any change.  There will be some internal clean up of the code base that will be changed over to use Dynamic Data as opposed to Reactive Lists.  There are several reasons why ReactiveUI has made this decision for the platform.  These reasons have been outlined and can be discussed in further detail on the &lt;a href="https://github.com/reactiveui/rfcs/issues/10"&gt;RFC&lt;/a&gt; or the &lt;a href="https://github.com/reactiveui/ReactiveUI/issues/1372"&gt;GitHub Issue #1372&lt;/a&gt;.&lt;/p&gt;
&lt;h2 id="next-steps"&gt;Next steps&lt;/h2&gt;
&lt;p&gt;The work will begin in the next week to push a package with &lt;code&gt;ReactiveList&lt;/code&gt; marked as deprecated.  Shortly after that package is released, work will begin to move ReactiveUI towards Dynamic Data.  ReactiveList isn't going away, we are just going to hide it from the public interface and put it in the legacy space.&lt;/p&gt;
&lt;p&gt;Dynamic Data's creator Roland Pheasant has provided an &lt;a href="https://github.com/RolandPheasant/DynamicData/wiki/Introduction-for-ReactiveUI-users"&gt;Introduction for ReactiveUI Users&lt;/a&gt; as a starting point for ReactiveUI consumers.&lt;/p&gt;
&lt;p&gt;If you're willing to test the pre-release version of this change, or you have concerns that this change will break your app join us over at &lt;a href="https://reactiveui.net/slack"&gt;https://reactiveui.net/slack&lt;/a&gt;, or comment on the RFC or Issue linked above.&lt;/p&gt;
</content>
		<summary>&lt;p&gt;With the coming 8.6.1 release, &lt;code&gt;ReactiveList&lt;/code&gt; will be marked as deprecated.  ReactiveList is being replaced by Roland Pheasants &lt;a href="https://github.com/RolandPheasant/DynamicData"&gt;Dynamic Data&lt;/a&gt;&lt;/p&gt;</summary>
	</entry>
	<entry>
		<id>http://reactiveui.net/blog/2018/08/reactiveui-v8.5.1-released</id>
		<title>ReactiveUI v8.5.1 released</title>
		<author>
			<name>Rodney Littles, II</name>
		</author>
		<link href="http://reactiveui.net/blog/2018/08/reactiveui-v8.5.1-released" />
		<updated>2018-08-10T00:00:00Z</updated>
		<content>&lt;p&gt;Release 8.5.1 of ReactiveUI is available!&lt;/p&gt;
&lt;p&gt;As part of this release we had &lt;a href="https://github.com/ReactiveUI/ReactiveUI/compare/8.4.4...8.5.1"&gt;4 commits&lt;/a&gt; which resulted in &lt;a href="https://github.com/reactiveui/ReactiveUI/issues?milestone=13&amp;amp;state=closed"&gt;3 issues&lt;/a&gt; being closed.&lt;/p&gt;
&lt;p&gt;Thanks to Sebastian who worked on some WinForms enhancement.&lt;/p&gt;
&lt;p&gt;Also thankyou to Colt Bauman who added some enhancements to the ReactiveTableViewSource component animation state.&lt;/p&gt;
&lt;p&gt;&lt;strong&gt;ReactiveUI Core&lt;/strong&gt;&lt;/p&gt;
&lt;ul&gt;
&lt;li&gt;&lt;a href="https://github.com/reactiveui/ReactiveUI/pull/1702"&gt;&lt;strong&gt;#1702&lt;/strong&gt;&lt;/a&gt; Fix: Made POCOObservableForProperty include property name in warning&lt;/li&gt;
&lt;/ul&gt;
&lt;p&gt;&lt;strong&gt;Windows Forms&lt;/strong&gt;&lt;/p&gt;
&lt;ul&gt;
&lt;li&gt;&lt;a href="https://github.com/reactiveui/ReactiveUI/pull/1650"&gt;&lt;strong&gt;#1650&lt;/strong&gt;&lt;/a&gt; Winforms stuff (TargetFramework, #1590, ReactiveUserControl)&lt;/li&gt;
&lt;/ul&gt;
&lt;p&gt;&lt;strong&gt;Xamarin iOS&lt;/strong&gt;&lt;/p&gt;
&lt;ul&gt;
&lt;li&gt;&lt;a href="https://github.com/reactiveui/ReactiveUI/pull/1712"&gt;&lt;strong&gt;#1712&lt;/strong&gt;&lt;/a&gt; Add properties to specify UITableViewRowAnimations&lt;/li&gt;
&lt;/ul&gt;
</content>
		<summary>&lt;p&gt;Release 8.5.1 of ReactiveUI is available!&lt;/p&gt;</summary>
	</entry>
	<entry>
		<id>http://reactiveui.net/blog/2018/08/reactiveui-v8.4.1-released</id>
		<title>ReactiveUI v8.4.1 released</title>
		<author>
			<name>Rodney Littles, II</name>
		</author>
		<link href="http://reactiveui.net/blog/2018/08/reactiveui-v8.4.1-released" />
		<updated>2018-08-07T00:00:00Z</updated>
		<content>&lt;p&gt;Release 8.4.1 of ReactiveUI is available!&lt;/p&gt;
&lt;p&gt;Thank You to Sebastian Richter for fixing a bug that resolve issues for a number of users.&lt;/p&gt;
&lt;p&gt;Thank You to Glenn Watson for helping getting this released pushed.&lt;/p&gt;
&lt;p&gt;&lt;strong&gt;Note:&lt;/strong&gt; There was a &lt;a href="https://github.com/reactiveui/ReactiveUI/pull/1710"&gt;WPF regression&lt;/a&gt; in this release which has been fixed in release v8.4.4 that immediately followed this release. If you use WPF please skip this release.&lt;/p&gt;
&lt;p&gt;As part of this release we had &lt;a href="https://github.com/reactiveui/reactiveui/compare/8.3.1...8.4.1"&gt;27 commits&lt;/a&gt; which resulted in &lt;a href="https://github.com/reactiveui/ReactiveUI/issues?milestone=8&amp;amp;state=closed"&gt;8 issues&lt;/a&gt; being closed.&lt;/p&gt;
&lt;p&gt;&lt;strong&gt;ReactiveUI-Core&lt;/strong&gt;&lt;/p&gt;
&lt;ul&gt;
&lt;li&gt;&lt;a href="https://github.com/reactiveui/ReactiveUI/pull/1604"&gt;&lt;strong&gt;#1604&lt;/strong&gt;&lt;/a&gt; feature: stamp ReactiveUI ($(TargetFramework)) into builds&lt;/li&gt;
&lt;li&gt;&lt;a href="https://github.com/reactiveui/ReactiveUI/pull/1651"&gt;&lt;strong&gt;#1651&lt;/strong&gt;&lt;/a&gt; Fix InitializeReactiveUI not resolving namespaces correctly.&lt;/li&gt;
&lt;li&gt;&lt;a href="https://github.com/reactiveui/ReactiveUI/pull/1688"&gt;&lt;strong&gt;#1688&lt;/strong&gt;&lt;/a&gt; Fix ActOnEveryObject missing changes when SuppressChangeNotifications is used&lt;/li&gt;
&lt;li&gt;&lt;a href="https://github.com/reactiveui/ReactiveUI/pull/1690"&gt;&lt;strong&gt;#1690&lt;/strong&gt;&lt;/a&gt; fix: Update teams to point towards correct URI&lt;/li&gt;
&lt;li&gt;&lt;a href="https://github.com/reactiveui/ReactiveUI/pull/1701"&gt;&lt;strong&gt;#1701&lt;/strong&gt;&lt;/a&gt; feat: Update ReactiveUI to use Reactive Extensions 4.0.0 as minimum&lt;/li&gt;
&lt;/ul&gt;
&lt;p&gt;&lt;strong&gt;Tizen&lt;/strong&gt;&lt;/p&gt;
&lt;ul&gt;
&lt;li&gt;&lt;a href="https://github.com/reactiveui/ReactiveUI/pull/1546"&gt;&lt;strong&gt;#1546&lt;/strong&gt;&lt;/a&gt; feature: add Tizen platform support&lt;/li&gt;
&lt;/ul&gt;
&lt;p&gt;&lt;strong&gt;Universal-Windows-Platform&lt;/strong&gt;&lt;/p&gt;
&lt;ul&gt;
&lt;li&gt;&lt;a href="https://github.com/reactiveui/ReactiveUI/pull/1312"&gt;&lt;strong&gt;#1312&lt;/strong&gt;&lt;/a&gt; fix: wait for scheduler guards against exception in early initialisation&lt;/li&gt;
&lt;/ul&gt;
&lt;p&gt;&lt;strong&gt;Windows Forms&lt;/strong&gt;&lt;/p&gt;
&lt;ul&gt;
&lt;li&gt;&lt;a href="https://github.com/reactiveui/ReactiveUI/pull/1651"&gt;&lt;strong&gt;#1651&lt;/strong&gt;&lt;/a&gt; Fix InitializeReactiveUI not resolving namespaces correctly.&lt;/li&gt;
&lt;/ul&gt;
&lt;p&gt;&lt;strong&gt;Windows Presentation Foundation&lt;/strong&gt;&lt;/p&gt;
&lt;ul&gt;
&lt;li&gt;&lt;a href="https://github.com/reactiveui/ReactiveUI/pull/1366"&gt;&lt;strong&gt;#1366&lt;/strong&gt;&lt;/a&gt; fix: check for unsupported range actions in ReactiveList on WPF&lt;/li&gt;
&lt;li&gt;&lt;a href="https://github.com/reactiveui/ReactiveUI/pull/1654"&gt;&lt;strong&gt;#1654&lt;/strong&gt;&lt;/a&gt; Fix double registration of ComponentModelTypeConverter&lt;/li&gt;
&lt;li&gt;&lt;a href="https://github.com/reactiveui/ReactiveUI/pull/1707"&gt;&lt;strong&gt;#1707&lt;/strong&gt;&lt;/a&gt; bug: Fix the project to use TargetFrameworks&lt;/li&gt;
&lt;/ul&gt;
&lt;p&gt;&lt;strong&gt;Xamarin-Android&lt;/strong&gt;&lt;/p&gt;
&lt;ul&gt;
&lt;li&gt;&lt;a href="https://github.com/reactiveui/ReactiveUI/pull/1680"&gt;&lt;strong&gt;#1680&lt;/strong&gt;&lt;/a&gt; Fix: Android.Support.V4.App.Fragment is missing ResolveStrategy parameter&lt;/li&gt;
&lt;/ul&gt;
&lt;p&gt;&lt;strong&gt;Xamarin-Forms&lt;/strong&gt;&lt;/p&gt;
&lt;ul&gt;
&lt;li&gt;&lt;a href="https://github.com/reactiveui/ReactiveUI/pull/1631"&gt;&lt;strong&gt;#1631&lt;/strong&gt;&lt;/a&gt; feat: Update to Xamarin forms 3.0&lt;/li&gt;
&lt;/ul&gt;
&lt;p&gt;&lt;strong&gt;Housekeeping&lt;/strong&gt;&lt;/p&gt;
&lt;ul&gt;
&lt;li&gt;&lt;a href="https://github.com/reactiveui/ReactiveUI/pull/1693"&gt;&lt;strong&gt;#1693&lt;/strong&gt;&lt;/a&gt; fix: MSBuild.Extras was mistakenly adding incorrect framework references&lt;/li&gt;
&lt;li&gt;&lt;a href="https://github.com/reactiveui/ReactiveUI/pull/1694"&gt;&lt;strong&gt;#1694&lt;/strong&gt;&lt;/a&gt; housekeeping: header incorrectly said MS-PL instead of MIT&lt;/li&gt;
&lt;li&gt;&lt;a href="https://github.com/reactiveui/ReactiveUI/pull/1695"&gt;&lt;strong&gt;#1695&lt;/strong&gt;&lt;/a&gt; Fix MSBuild.Sdk.Extras support to use the new syntax&lt;/li&gt;
&lt;li&gt;&lt;a href="https://github.com/reactiveui/ReactiveUI/pull/1703"&gt;&lt;strong&gt;#1703&lt;/strong&gt;&lt;/a&gt; housekeeping: Splat 4.0.2 is now required to fix MsBuild.Sdk.Extras issues&lt;/li&gt;
&lt;li&gt;&lt;a href="https://github.com/reactiveui/ReactiveUI/pull/1705"&gt;&lt;strong&gt;#1705&lt;/strong&gt;&lt;/a&gt; housekeeping: Update the testing projects and cake file to have latest nuget packages&lt;/li&gt;
&lt;/ul&gt;
&lt;p&gt;&lt;strong&gt;Documentation&lt;/strong&gt;&lt;/p&gt;
&lt;ul&gt;
&lt;li&gt;&lt;a href="https://github.com/reactiveui/ReactiveUI/pull/1708"&gt;&lt;strong&gt;#1708&lt;/strong&gt;&lt;/a&gt; housekeeping: Fix typos and broken links in readme&lt;/li&gt;
&lt;/ul&gt;
&lt;h3 id="where-to-get-it"&gt;Where to get it&lt;/h3&gt;
&lt;p&gt;You can download this release from &lt;a href="https://www.nuget.org/packages/reactiveui/8.4.1"&gt;nuget.org&lt;/a&gt;&lt;/p&gt;
</content>
		<summary>&lt;p&gt;Release 8.4.1 of ReactiveUI is available!&lt;/p&gt;</summary>
	</entry>
	<entry>
		<id>http://reactiveui.net/blog/2018/08/reactiveui-v8.4.4-released</id>
		<title>ReactiveUI v8.4.4 released</title>
		<author>
			<name>Geoffrey Huntley</name>
		</author>
		<link href="http://reactiveui.net/blog/2018/08/reactiveui-v8.4.4-released" />
		<updated>2018-08-07T00:00:00Z</updated>
		<content>&lt;p&gt;Release 8.4.4 of ReactiveUI is available!&lt;/p&gt;
&lt;p&gt;Unfortunately there was a &lt;a href="https://github.com/reactiveui/ReactiveUI/pull/1710"&gt;WPF regression&lt;/a&gt; in the previous release which was promptly resolved by Glenn Watson within hours. Thank-you Michael Stonis for sending a pull-request that adds support for generating the events in Xamarin Essentials.&lt;/p&gt;
&lt;p&gt;As part of this release we had &lt;a href="https://github.com/reactiveui/reactiveui/compare/8.4.1...8.4.4"&gt;3 commits&lt;/a&gt;.&lt;/p&gt;
&lt;p&gt;&lt;strong&gt;ReactiveUI Core&lt;/strong&gt;&lt;/p&gt;
&lt;ul&gt;
&lt;li&gt;&lt;a href="https://github.com/reactiveui/ReactiveUI/pull/1709"&gt;&lt;strong&gt;#1709&lt;/strong&gt;&lt;/a&gt; fix: sourcelink wasn't working, now is&lt;/li&gt;
&lt;/ul&gt;
&lt;p&gt;&lt;strong&gt;ReactiveUI Events&lt;/strong&gt;&lt;/p&gt;
&lt;ul&gt;
&lt;li&gt;&lt;a href="https://github.com/reactiveui/ReactiveUI/pull/1682"&gt;&lt;strong&gt;#1682&lt;/strong&gt;&lt;/a&gt; feature: generate events for xamarin essentials&lt;/li&gt;
&lt;/ul&gt;
&lt;p&gt;&lt;strong&gt;Windows Presentation Foundation&lt;/strong&gt;&lt;/p&gt;
&lt;ul&gt;
&lt;li&gt;&lt;a href="https://github.com/reactiveui/ReactiveUI/pull/1710"&gt;&lt;strong&gt;#1710&lt;/strong&gt;&lt;/a&gt; fix: viewhost templates/themes weren't included&lt;/li&gt;
&lt;/ul&gt;
</content>
		<summary>&lt;p&gt;Release 8.4.4 of ReactiveUI is available!&lt;/p&gt;</summary>
	</entry>
</feed>